{"cameraMode":{"drawMode":0,"name":"Shaded","section":"Shading Mode"},"sceneLighting":false,"audioPlay":false,"sceneViewState":{"m_AlwaysRefresh":false,"showFog":true,"showSkybox":false,"showFlares":true,"showImageEffects":true,"showParticleSystems":true,"showVisualEffectGraphs":true,"m_FxEnabled":true},"in2DMode":false,"pivot":{"x":-0.23662495613098145,"y":0.23568183183670045,"z":0.10199034214019776},"rotation":{"x":0.029371386393904687,"y":0.9016814827919006,"z":0.062034450471401218,"w":-0.42691901326179507},"size":4.279496192932129,"orthographic":false}